,news_title,news_category,news_date,label,prob
0,"[단독] 시총상위 20곳 중 6곳, 빚 30% 이상 늘어…""증가 속도도 너무 가팔라""",산업기업,2022.06.30,neutral,0.997740626335144
1,"이재용, 대기업 총수 중 작년 경영실적 '압도적 1등'",산업,2022.06.30,positive,0.9995260238647461
2,[단독] 고금리속…대기업 빚 11% 늘었다,산업기업,2022.06.30,neutral,0.5654215216636658
3,"[마감 시황] 코스피, 4거래일만에 하락…""경기 침체 우려 재차 유입""",경제·금융경제·금융일반,2022.06.29,neutral,0.8916740417480469
4,"[오후 시황] 코스피, 기관·외국인 매도에 약세 이어져",경제·금융경제·금융일반,2022.06.29,negative,0.9976468682289124
5,"[오전시황] 코스피, 외인·기관 쌍끌이 매도에 2400선 붕괴",경제·금융경제·금융일반,2022.06.29,neutral,0.7531685829162598
6,[마감시황] 개인 매수세에 3거래일 연속 안도랠리 펼친 코스피,증권국내증시,2022.06.28,neutral,0.9997005462646484
7,모빌리티 매각 논란에…카카오 노사 긴급 회동,산업기업,2022.06.28,negative,0.9666028618812561
8,"대학생이 가장 일하고 싶은 기업은?…""카카오 3년 연속 1위""",산업기업,2022.06.28,neutral,0.9997456669807434
9,[오전시황] 개인 매수세에 코스피 상승…현대차·기아 2~3%대 올라,증권증권일반,2022.06.28,neutral,0.9503757953643799
10,[마감시황] 돌아온 외인에 코스피 4거래일 만 2400선 탈환,증권국내증시,2022.06.27,neutral,0.9999200105667114
11,"[AI프런티어] “카카오AI, 한국어 이해력 최고…찰떡같이 알아듣죠”",산업기업,2022.06.27,neutral,0.9996633529663086
12,[오후시황] 외국인 '바이(BUY)' 코리아에 활짝 웃은 코스피,증권국내증시,2022.06.27,neutral,0.9999125003814697
13,"[주식 초고수는 지금] 에코프로비엠, 무상증자 권리락 효과에 투자자 관심 '폭발'",증권국내증시,2022.06.27,negative,0.8239193558692932
14,카카오웹툰 야구 웹툰 '기프트' 드라마 제작 확정,산업기업,2022.06.27,neutral,0.7167667746543884
15,"韓 임금 인상 너무 빨랐나?…""G5 2.6배 속도, 물가상승 압박"" [뒷북비즈]",산업기업,2022.06.27,neutral,0.9997809529304504
16,같은 카카오인데… 새 근무제 놓고 계열사 '방글' 본사 '부글' 왜? [IT슈],산업기업,2022.06.26,neutral,0.994515061378479
17,"잠 못 드는 '네카오' 개미들…""반등은 2분기 이후부터"" [선데이 머니카페]",증권국내증시,2022.06.26,positive,0.7427099943161011
18,"5~6%뛴 개미무덤 '네카오'…증권가 ""아직도 많이 싸다""",증권국내증시,2022.06.24,positive,0.7934146523475647
19,"<유>카카오, 3.13% 오르며 체결강도 강세 지속(156%)",증권News봇,2022.06.24,positive,0.9998760223388672
20,[마감시황] 돌아온 외인에 코스피 4거래일 만 2400선 탈환,증권국내증시,2022.06.27,neutral,0.9999200105667114
21,"[AI프런티어] “카카오AI, 한국어 이해력 최고…찰떡같이 알아듣죠”",산업기업,2022.06.27,neutral,0.9996633529663086
22,[오후시황] 외국인 '바이(BUY)' 코리아에 활짝 웃은 코스피,증권국내증시,2022.06.27,neutral,0.9999125003814697
23,"[주식 초고수는 지금] 에코프로비엠, 무상증자 권리락 효과에 투자자 관심 '폭발'",증권국내증시,2022.06.27,negative,0.8239193558692932
24,카카오웹툰 야구 웹툰 '기프트' 드라마 제작 확정,산업기업,2022.06.27,neutral,0.7167667746543884
25,[오전 시황] 코스피 기관 매수세에 상승출발…2400선 두고 공방,경제·금융경제·금융일반,2022.06.21,neutral,0.9994792342185974
26,"카카오 노조 ""카카오모빌리티 매각 반대…단체 교섭 응해라""",산업기업,2022.06.20,neutral,0.9356184601783752
27,"[마감 시황] 코스피, 1년 7개월 만에 2400선 아래서 마감…코스닥도 연저점 경신",증권국내증시,2022.06.20,neutral,0.999854326248169
28,[오후 시황] 코스피·코스닥 동반 연저점…外인 매도세에 대형주 신저가 랠리,증권국내증시,2022.06.20,neutral,0.9997270703315735
29,"""라집사는 왜 월요일만 되면 슬프다냥""…춘식이의 현대인 관찰일기 공개",산업기업,2022.06.20,neutral,0.9997778534889221
30,카톡 선물하기에 ‘메종 마르지엘라’ 입점,경제·금융경제·금융일반,2022.06.20,neutral,0.9999121427536011
31,"[오전 시황] 코스피, 1.4% 하락하며 2400선…바닥 어디",증권국내증시,2022.06.20,neutral,0.988239049911499
32,"""아직 바닥 아니다"" 비관론 '솔솔'…2400선도 위태 코스피 [이번주 증시 전망]",증권국내증시,2022.06.20,neutral,0.930759608745575
33,코스피 연초대비 20% 급락…금융위기 이후 최대 하락폭 현실화하나,증권국내증시,2022.06.19,neutral,0.9082598686218262
34,"카카오, 내달부터 새 근무제…""격주 '놀금' 도입""",산업기업,2022.06.17,positive,0.9781408309936523
35,"[단독] ""매각 반대"" 카카오모빌리티 직원, 노조 가입률 50% 돌파",산업기업,2022.06.17,positive,0.9880715608596802
36,"[오후 시황] 코스피, 한때 2400 무너졌지만 점차 낙폭 축소",증권국내증시,2022.06.17,neutral,0.9997712969779968
37,"[오전 시황] 코스피, 한때 2400 붕괴…하락세 지속",증권국내증시,2022.06.17,neutral,0.9403477311134338
38,[특징주] 삼전·네이버·카카오 줄신저가…동학개미 눈물,증권국내증시,2022.06.17,negative,0.9991717338562012
39,[특징주] 네이버·카카오 줄하락…52주 신저가 경신하나,증권국내증시,2022.06.17,negative,0.9995009899139404
40,"[마감 시황] 코스피, 여전히 남은 불안 심리에 상승폭 축소",증권국내증시,2022.06.16,neutral,0.9998598098754883
41,"<유>카카오, 장중 신저가 기록.. 72,100→72,000(▼100)",증권News봇,2022.06.16,negative,0.9997460246086121
42,[오전 시황] 美 FOMC 불확실성 해소에…코스피 상승 출발,증권국내증시,2022.06.16,neutral,0.9999159574508667
43,"<유>카카오, 3.03% 오르며 체결강도 강세 지속(136%)",증권News봇,2022.06.16,positive,0.9998728036880493
44,"한화證 ""카카오, 목표가 13만→ 11.5만 원""",증권국내증시,2022.06.16,positive,0.759194552898407
45,"[SEN]NH투자證, “카카오, 불확실성에도 불구…양호한 성장 기대”",증권국내증시,2022.06.16,positive,0.999846339225769
46,[마감 시황] 새파랗게 질린 코스피…2440선 마감,증권국내증시,2022.06.15,neutral,0.9999160766601562
47,"[오후 시황] 코스피, 장중 2450선 붕괴…연중 최저",증권국내증시,2022.06.15,neutral,0.99954754114151
48,"<유>카카오, 장중 신저가 기록.. 74,200→74,000(▼200)",증권News봇,2022.06.15,negative,0.9997443556785583
49,"[오전시황] 코스피, 2470선까지 미끄러져…FOMC 경계감 고조",증권국내증시,2022.06.15,neutral,0.9994992017745972
50,"이틀새 시총 100조 증발했지만…""2400선도 안심 못해""",증권국내증시,2022.06.14,neutral,0.9868013858795166
51,[마감시황] 심리적 마지노선 '2500선' 무너진 코스피,증권국내증시,2022.06.14,neutral,0.9999144077301025
52,"[오후시황] 기관 '줍줍'에 낙폭 줄인 코스피, 2500선 회복 시도",증권국내증시,2022.06.14,neutral,0.9999105930328369
53,[속보] 2500 깨진 코스피…삼성전자·네카오 줄줄이 52주 신저가,증권국내증시,2022.06.14,negative,0.9997757077217102
54,"<유>카카오, 장중 신저가 기록.. 76,100→74,900(▼1,200)",증권News봇,2022.06.14,negative,0.9997465014457703
55,올해 카카오 그룹 시총만 '43조' 증발,경제·금융경제·금융일반,2022.06.14,neutral,0.9773893356323242
56,'테슬라+LG엔솔' 담은 액티브ETF 나온다,증권국내증시,2022.06.13,neutral,0.9995734095573425
57,"코스피200 종목 모조리 곤두박질…""2400선까지 열려있다""",증권국내증시,2022.06.13,neutral,0.9998107552528381
58,시총 50개 모두 '파랗게' 질렸다…코스피 2500선 털썩,증권국내증시,2022.06.13,neutral,0.9998799562454224
59,[오후시황] 인플레 쇼크에 바닥뚫린 코스피…2500선도 위태,증권국내증시,2022.06.13,neutral,0.9566624164581299
60,[오전시황] 美 고물가 충격에 코스피 2%대 낙폭…2520선까지 수직낙하,증권국내증시,2022.06.13,neutral,0.9809866547584534
61,이제 카카오 T로 국제선 비행기표도 예약,산업기업,2022.06.13,neutral,0.9998886585235596
62,[특징주] 美나스닥 급락에…네이버·카카오 52주 신저가,경제·금융경제·금융일반,2022.06.13,negative,0.9998176693916321
63,"<유>카카오, 장중 신저가 기록.. 80,000→77,300(▼2,700)",증권News봇,2022.06.13,negative,0.9997467398643494
64,외인 이번주만 4조 팔아치워…삼성전자 19개월만에 최저가,증권국내증시,2022.06.10,negative,0.9829291105270386
65,[마감시황] 글로벌 긴축 긴장감에 코스피 2590선 마감,증권국내증시,2022.06.10,neutral,0.9999082088470459
66,오늘의 증시 메모[6월 10일],증권종목·투자전략,2022.06.09,neutral,0.999919056892395
67,"[오후시황] 코스피, 외인 '팔자'…2610선 약세",증권국내증시,2022.06.09,negative,0.9368370175361633
68,"[오전시황] 코스피, 경기 침체 우려 속 하락 출발…2610선 약세",증권국내증시,2022.06.09,negative,0.9485335946083069
69,"[오후 시황] 코스피, 여전한 경기 침체 우려에 2620선 등락 반복",증권국내증시,2022.06.08,neutral,0.9696466326713562
70,'보복 회식 늘더니'…카카오T 사용자 역대 최다 찍었다,산업IT,2022.06.08,positive,0.7382283210754395
71,"공통 관심 얘기하는 글로벌 채팅방…""자동 번역기능도 선뵐것""",산업IT,2022.06.07,neutral,0.999896764755249
72,[마감시황] 美 국채금리 급등에 시총 상위권 ‘와르르’…코스피 2626.34,증권국내증시,2022.06.07,neutral,0.999913215637207
73,[오후시황] 美 긴축강화 공포에 질린 코스피…시총 상위권 일제히 ‘와르르’,증권국내증시,2022.06.07,neutral,0.9999147653579712
74,"교보악사자산운용, 네이버·카카오 투자하는 '플랫폼투게더' 펀드 출시",증권재테크,2022.06.07,positive,0.9997925162315369
75,[오전시황] 기관·외국인 매도세에 코스피 1%↓…2643.99,증권국내증시,2022.06.07,neutral,0.999708354473114
76,'국민주' 삼성그룹 시총 88조원 증발…짐 싸는 동학개미,증권국내증시,2022.06.06,positive,0.6523494124412537
77,"국민주였는데 '반토막'도 더난 카카오…""이번엔 오를까""",증권국내증시,2022.06.05,negative,0.9996182918548584
78,‘뉴노멀’ 원격근무의 딜레마…카카오 구내식당에 골머리[IT슈],산업IT,2022.06.05,neutral,0.9873249530792236
79,거품 걷힌 코인 판…‘P2E 옥석가리기’ 시작된다,산업IT,2022.06.04,neutral,0.9997603297233582
80,"<유>카카오, 3.23% 오르며 체결강도 강세 지속(173%)",증권News봇,2022.06.03,positive,0.9998754262924194
81,[특징주] 외국인 나흘새 66만 주 순매수…카카오 4%대 상승,증권증권일반,2022.06.03,positive,0.9998825788497925
82,"<유>카카오, 3.11% 오르며 체결강도 강세 지속(284%)",증권News봇,2022.06.03,positive,0.9998747110366821
83,"[마감시황] 코스피 4거래일 만에 약세 전환…""투자 심리 악화""",경제·금융경제·금융일반,2022.06.02,neutral,0.6830935478210449
84,"이재용 주식평가액, 올들어 1.1조원 증발",경제·금융경제·금융일반,2022.06.01,positive,0.725010097026825
85,[마감시황] 외인 폭풍매수에 코스피 사흘 연속 '신바람',증권국내증시,2022.05.31,neutral,0.9997095465660095
86,"[단독] 카카오, 메타버스 근무제 발표 하루만에…'룰' 재검토",산업IT,2022.05.31,neutral,0.9912791848182678
87,골전도 이어폰 8시간 쓰라고?…카카오 ‘메타버스’ 근무제에 부글부글,산업IT,2022.05.31,neutral,0.9796638488769531
88,"[오후시황] 외인 매수세에 반등한 코스피, 2670선 '눈앞'",증권국내증시,2022.05.31,neutral,0.999169111251831
89,[오전시황] 외인·기관 쌍끌이 매도에 힘 못 쓰는 코스피,증권국내증시,2022.05.31,neutral,0.9985690116882324
90,"""장소는 무관""…카카오도 '출근제' 버렸다",산업IT,2022.05.30,neutral,0.9998117089271545
91,"카카오 '메타버스 근무제' 도입한다…""원하는 장소에서 근무""",산업IT,2022.05.30,positive,0.696088969707489
92,"환율 떨어지자 돌아오는 외국인…""안도랠리 기대""",증권국내증시,2022.05.30,neutral,0.9987117052078247
93,'비욘드 코리아' 선봉 카카오엔터… 국제 시상식에서 잇따른 낭보,산업IT,2022.05.30,neutral,0.9981986880302429
94,[오후 시황] 공포 과도했나 코스피 1.2% ↑…외국인·기관 쌍끌이 매수,증권증권일반,2022.05.30,neutral,0.9999018907546997
95,"[오전시황] 코스피, 0.6% 상승 순항…“악재 소화, 변동성 낮추는 중”",증권증권일반,2022.05.30,neutral,0.999893069267273
96,"[마감시황]코스피, 기관·외국인 매수세에 0.98% 상승 마감",경제·금융경제·금융일반,2022.05.27,neutral,0.9979760050773621
97,[오후시황] 기관·외국인 매수세에 코스피 0.88%↑,경제·금융경제·금융일반,2022.05.27,neutral,0.9999079704284668
98,김범수의 결단…사회적기업가에 '사회환원 재단' 맡겼다,산업IT,2022.05.27,neutral,0.9968773126602173
99,"[오전시황] 코스피, 1% 상승출발…""美 반도체 강세로 불안 심리 진정""",경제·금융경제·금융일반,2022.05.27,neutral,0.999901294708252
100,[마감시황] 기준금리 인상·반도체 우려에 하락 전환한 코스피…2612.45 마감,증권국내증시,2022.05.26,neutral,0.9995786547660828
101,[오후시황] 한은 금리인상·반도체 부진에 코스피 2600선 후퇴,증권국내증시,2022.05.26,neutral,0.9939091205596924
102,[오후시황] 기관 순매수에 코스피 소폭 상승…2610선 마감,증권국내증시,2022.05.25,neutral,0.9998760223388672
103,[오후시황] 외인기관 매수세에 코스피 2620선,증권국내증시,2022.05.25,neutral,0.9999128580093384
104,"[오전시황] 코스피, 상승 출발 후 '혼조세'…2600선 등락",증권국내증시,2022.05.25,neutral,0.9866214990615845
105,"연세의료원, 카카오헬스케어와 맞손…차세대 의료서비스 키운다",사회사회일반,2022.05.24,neutral,0.8354723453521729
106,'오더컷 공포'에 반도체주 급락…코스피 2600선 '턱걸이',경제·금융경제·금융일반,2022.05.24,neutral,0.7426919341087341
107,"[마감 시황] 코스피, 외인·기관 동반 순매도세에 1% 하락 마감",증권국내증시,2022.05.24,negative,0.9984275102615356
108,"[오후 시황] 코스피, 외인·기관 동반 순매도세에 1%대 하락 중",증권국내증시,2022.05.24,negative,0.9993892908096313
109,"[오전 시황] 코스피, 美 훈풍에도 하락 출발",증권국내증시,2022.05.24,neutral,0.9997308850288391
110,코로나 2년…카카오로 공공서비스 연결 43억 건,산업IT,2022.05.24,positive,0.5272119641304016
111,"""外人 지분 늘린 SK이노·LG·카카오 주목""",증권국내증시,2022.05.23,neutral,0.9965741634368896
112,"'비교기업' 주가 급락…쏘카도 ""하반기 상장""",증권IB&Deal,2022.05.23,negative,0.9980072379112244
113,[마감시황] 기관 매수에 2640선 회복한 코스피…추가 상승은 제한,증권국내증시,2022.05.23,neutral,0.9998778104782104
114,[오전시황] 코스피 2650선 강보합…“지수 하방 경직성 확인 과정”,증권국내증시,2022.05.23,neutral,0.999897837638855
115,카카오 플랫폼 노하우 알려드립니다…소상공인 디지털 클래스 모집,산업IT,2022.05.23,neutral,0.9999099969863892
116,한국 주식 15조 원 순매도한 외국인 삼성전자만 5조 원 달해,증권국내증시,2022.05.22,negative,0.6206947565078735
117,"[마감시황] 한미정상회담·中 경기부양 훈풍 탄 코스피, 2630선 회복",증권국내증시,2022.05.20,neutral,0.9999090433120728
118,[오후시황] 외국인·기관 매수세에 코스피 2630선까지 ‘껑충’,증권국내증시,2022.05.20,neutral,0.9999057054519653
119,"<유>카카오, 3.23% 오르며 체결강도 강세 지속(159%)",증권News봇,2022.05.20,positive,0.999875545501709
120,[특징주] 코스피 시총 6위였던 카카오…한달만 9위까지 추락,증권국내증시,2022.05.20,negative,0.9996269941329956
121,[오전시황] 기관 매수세에 코스피 2600선 회복…개인은 ‘팔자’,증권국내증시,2022.05.20,neutral,0.9997010231018066
122,"[기업공시 5월 19일]키움증권, 자사주 40만 주 취득 결정 등",경제·금융경제·금융일반,2022.05.20,neutral,0.9654161334037781
123,장 중 기업공시[5월 19일],경제·금융경제·금융일반,2022.05.19,neutral,0.9998549222946167
124,"카카오, 美서 '10만 창작자’로 웹툰·웹소설 1등 노린다",산업IT,2022.05.19,positive,0.9590640068054199
125,[마감시황] 코스피 2600선 사흘만에 붕괴,경제·금융경제·금융일반,2022.05.19,neutral,0.9990367889404297
126,[오후시황] 개인 저가 매수세에 코스피 2600선 탈환 시도,경제·금융경제·금융일반,2022.05.19,neutral,0.9999033212661743
127,카카오 북미 웹툰·웹소설 1등 노린다…타파스·래디쉬 합병,산업IT,2022.05.19,positive,0.9962208867073059
128,[오전시황] 美 증시 급락에 코스피 다시 2600선 붕괴,경제·금융경제·금융일반,2022.05.19,neutral,0.7066286206245422
129,"[특징주] 인플레 충격에 또 주저앉은 성장주, 네이버·카카오 2% ↓",증권국내증시,2022.05.19,negative,0.9997541308403015
130,"<유>카카오, 장중 신저가 기록.. 80,300→80,000(▼300)",증권News봇,2022.05.19,negative,0.9997201561927795
131,"카카오 김범수, 장애인 고용 위해 사재 100억 내놨다",산업IT,2022.05.19,positive,0.9996929168701172
132,"네이버 창업멤버서 사회적기업가 변신…""폐교 리모델링해 지방 발달장애인 고용 높일것""",산업IT,2022.05.19,neutral,0.9966656565666199
133,"[마감 시황] 코스피, 외국인·개인 매수세에 강보합 마감",증권국내증시,2022.05.18,neutral,0.9994908571243286
134,"네이버 창업멤버서 사회적기업가 변신…""폐교 리모델링해 지방 발달장애인 고용 높일것""",산업IT,2022.05.18,neutral,0.9966656565666199
135,루나·테라 폭락 후폭풍에 해시드 '초비상',산업기업,2022.05.18,negative,0.9872093200683594
136,"[오후 시황] 코스피, 기관 매도세에 보합권",증권국내증시,2022.05.18,neutral,0.9990764856338501
137,"김범수 사재 털어 100억 쾌척, 남궁훈은 매출 팍팍…이 기업 정체는",산업IT,2022.05.18,neutral,0.7927966713905334
138,"[오전 시황] 코스피, 美 증시 반등에 상승 출발",증권국내증시,2022.05.18,neutral,0.9998676776885986
139,[오후시황] 기관 매수세에 상승하는 코스피,증권국내증시,2022.05.17,neutral,0.9997636675834656
140,국내서 유튜브보다 더 많이 쓰는 앱은?,산업IT,2022.05.17,neutral,0.9999097585678101
141,'네이버 픽' 마이프랜차이즈 몸값 10배 급등,산업중기·벤처,2022.05.17,positive,0.9997625946998596
142,"1주일새 합작사 2개 설립…네이버웹툰, 日 공략 '광폭 행보'",산업IT,2022.05.16,positive,0.9998779296875
143,"[마감시황] 코스피, 2590선 또 '털썩'…외인·기관 매도세에 상승분 반납",증권국내증시,2022.05.16,neutral,0.9937981963157654
144,"마이프차, 네이버 투자 나서자 VC 뭉칫돈 쇄도",산업중기·벤처,2022.05.14,neutral,0.9983811378479004
145,"<유>카카오, 장중 신저가 기록.. 80,600→80,400(▼200)",증권News봇,2022.05.13,negative,0.999752938747406
146,"[기업공시 5월 12일]휴마시스, 191억 규모 코로나19 항원진단 홈키트 공급계약 등",증권종목·투자전략,2022.05.13,neutral,0.9995736479759216
147,장 마감 후 기업공시[5월 12일],증권국내증시,2022.05.12,neutral,0.9998669624328613
148,[마감시황] 암호화폐 폭락에 국내 증시 '출렁'…코스피 2550선 마감,증권국내증시,2022.05.12,neutral,0.9995090961456299
149,[오후시황] 4월 CPI 충격·암호화폐 급락…코스피 2560선 고전,증권국내증시,2022.05.12,neutral,0.9690033793449402
150,"<유>카카오, 장중 신저가 기록.. 81,900→81,600(▼300)",증권News봇,2022.05.12,negative,0.9997629523277283
151,[오전시황] 예상치 웃돈 美소비자물가에 코스피 2580선 약세,증권국내증시,2022.05.12,negative,0.5607239007949829
152,태국·필리핀·싱가포르에서도 카카오 T 탄다,산업기업,2022.05.12,positive,0.8879355788230896
153,[마감시황] 외국인·기관 동반 매도에 코스피 7거래일째 하락…2590선대,증권증권일반,2022.05.11,neutral,0.9951990246772766
154,"[오후시황] 저가 매수세 유입에 코스피 낙폭 줄여, 코스닥은 상승 전환",증권증권일반,2022.05.11,neutral,0.9999079704284668
155,"카카오, 개인정보 보호 정책 강화…자문위 3기 출범",산업IT,2022.05.11,neutral,0.998040497303009
156,[특징주] 긴축 파장에 네카오 성장주 휘청,증권국내증시,2022.05.10,negative,0.9983610510826111
157,[IT슈] 바이든 방한 앞두고 韓美 통상 이슈 떠오른 ‘망사용료법’,산업IT,2022.05.10,neutral,0.9998419284820557
158,"""망사용료法으로 K팝·웹툰 직격탄"" vs ""네카오도 내는데 통상마찰은 기우""",산업IT,2022.05.09,negative,0.9287833571434021
159,[오전시황] 코스피 오늘도 약세…FOMC 여진 지속,경제·금융경제·금융일반,2022.05.09,negative,0.68252032995224
160,틱톡에서 얼굴 한 번 바꿔볼까…카카오브레인 신규 '페이스 스와핑' 기술 출시,산업IT,2022.05.09,neutral,0.6615281105041504
161,억대 연봉에도 '품귀'…클라우드 개발자 찾아 '삼만리',산업기업,2022.05.08,neutral,0.9998886585235596
162,국내 디지털플랫폼 시장 378조 …네카오 등 빼면 해외 매출은 '0',산업IT,2022.05.08,negative,0.894067108631134
163,알리바바 -6%·카카오 -5%…亞 기술주 녹다운,경제·금융경제·금융일반,2022.05.06,neutral,0.9739387035369873
164,"[마감시황] 美 증시 폭락에 짓눌린 코스피, 2640선 '털썩'",증권국내증시,2022.05.06,neutral,0.9998236298561096
165,[오후시황] 외인·기관 쌍끌이 매도에 2650선 무너진 코스피,증권국내증시,2022.05.06,neutral,0.9995786547660828
166,"""수강료 100% 환급""…카카오엔터, 신진 작가 양성 팔 걷었다",산업기업,2022.05.06,neutral,0.999828577041626
167,[특징주] 미국發 악재에 기술주 ‘휘청’…카카오 시총 8위,증권국내증시,2022.05.06,negative,0.9997519850730896
168,"[SEN]한화투자證 “카카오, 인건비·마케팅비 증가로 낮아진 실적…목표주가↓”",증권국내증시,2022.05.06,negative,0.7358136177062988
169,"유안타증권 ""카카오, 계열사 고성장 지속"" 목표주가 12만 8000원",증권국내증시,2022.05.06,positive,0.9995392560958862
170,카카오 1년새 인건비 43% 뛰어…현대重 노조는 임금 갈등에 파업,산업기업,2022.05.04,negative,0.9996358156204224
171,주춤거리는 네카오…뉴 리더십 시험대,산업IT,2022.05.04,neutral,0.9998828172683716
172,"스카이랩스, 카카오헬스케어와 맞손…모바일 만성질환 관리 서비스 개발 추진",사회사회일반,2022.05.04,positive,0.8920341730117798
173,"<유>카카오, 매수잔량 308% 급증",증권News봇,2022.05.04,positive,0.9998233914375305
174,카카오 1분기 매출 1조6500억…전망치 5% 밑돌아,산업IT,2022.05.04,negative,0.9995263814926147
175,[마감시황] 5월 FOMC 앞두고 경계심 커진 코스피,증권국내증시,2022.05.03,neutral,0.9999057054519653
176,"[ 카카오 물류 플랫폼 '아이라스' 출범] ""AI로 화주·화물 매칭…물류업계 에어비앤비 될 것""",산업기업,2022.05.03,neutral,0.9997202754020691
177,"카카오 택시 알고리즘, 작년에 몰래 변경?…""2년 전 바꿔, 사실무근""",산업IT,2022.05.03,neutral,0.9980096220970154
178,[오후시황] 돌아온 외인에 2690선 사수한 코스피,증권국내증시,2022.05.03,neutral,0.999916672706604
179,"[마감시황] 코스피, 2680선 마감…美빅테크발 충격·FOMC 경계감↑",증권국내증시,2022.05.02,neutral,0.9998927116394043
180,"카카오VX ‘프렌즈 아카데미’, 론칭 1년 만에 100호점 돌파",산업기업,2022.05.02,positive,0.9998477697372437
181,"[오후시황] 코스피, 2680선…NAVER·카카오 등 성장주 '울상'",증권국내증시,2022.05.02,neutral,0.9996474981307983
182,"카카오, 페이 지분 6235만주 ""6개월 더 보유""",증권IB&Deal,2022.05.02,neutral,0.9884464740753174
183,"[오전시황] 코스피, 美 증시 폭락에 하락 출발… 외인·기관 순매도",증권국내증시,2022.05.02,neutral,0.9935004115104675
184,[마감시황] 기관 매수 유입에 코스피 2660선 회복,증권국내증시,2022.04.28,neutral,0.9999090433120728
185,"""장소는 무관""…카카오도 '출근제' 버렸다",산업IT,2022.05.30,neutral,0.9998117089271545
186,"카카오 '메타버스 근무제' 도입한다…""원하는 장소에서 근무""",산업IT,2022.05.30,positive,0.696088969707489
187,"환율 떨어지자 돌아오는 외국인…""안도랠리 기대""",증권국내증시,2022.05.30,neutral,0.9987117052078247
188,'비욘드 코리아' 선봉 카카오엔터… 국제 시상식에서 잇따른 낭보,산업IT,2022.05.30,neutral,0.9981986880302429
189,[오후 시황] 공포 과도했나 코스피 1.2% ↑…외국인·기관 쌍끌이 매수,증권증권일반,2022.05.30,neutral,0.9999018907546997
190,[특징주] 나스닥 추락에 네이버·카카오 약세,경제·금융경제·금융일반,2022.04.27,negative,0.999813973903656
191,대만·태국 이어 인도네시아 진출한 카카오웹툰…연내 700개 작품 출시,산업IT,2022.04.27,positive,0.9998581409454346
192,"카카오엔터프라이즈, '오롤리데이' 메타버스 플랫폼 구축 돕는다",산업기업,2022.04.26,neutral,0.9873192310333252
193,"""카카오모빌리티, 가맹택시에 콜 몰아줬다"" 공정위 제재 착수",경제·금융경제동향,2022.04.25,neutral,0.5734254121780396
194,[마감시황] 美연준 긴축 강화 우려에 외국인·기관 1조 순매도…코스피 1.76%↓,경제·금융경제·금융일반,2022.04.25,neutral,0.9947549104690552
195,[구글·티맵으로 본 거리두기 해제] 강남 방문 33% 급증…'재택' 판교는 ‘잠잠’,산업IT,2022.04.25,neutral,0.9997947812080383
196,[오후시황] 외국인·기관 7828억원 매도세에 코스피 1.42%↓,경제·금융경제·금융일반,2022.04.25,neutral,0.9903690218925476
197,[오전시황] 코스피 美 긴축 강화 우려에 1% 하락 출발,경제·금융경제·금융일반,2022.04.25,neutral,0.9996746778488159
198,골프치는 라이언 NFT로 만나보세요,산업기업,2022.04.25,neutral,0.9998902082443237
199,[특징주] 금리인상 가시화에 성장주 ‘출렁’…네이버 신저가,증권국내증시,2022.04.25,negative,0.9959738850593567
200,올 들어 韓증시 24조 원 사들인 동학개미…순매수 상위 10곳 중 9곳 연초 대비 주가 ↓,경제·금융경제동향,2022.04.24,neutral,0.9957032799720764
201,[특징주] 美나스닥 하락에 삼성전자 1.18%↓…네이버 신저가 근접,경제·금융경제·금융일반,2022.04.22,negative,0.9997159838676453
202,"[기업공시 4월21일]현대사료, 최대주주 카나리아바이오 외 2인(63.96%)로 변경 등",증권종목·투자전략,2022.04.22,neutral,0.9998526573181152
203,장 마감 후 기업공시[4월21일],증권증권일반,2022.04.21,neutral,0.9998699426651001
204,"카카오 '다음' 메일 6시간 넘게 먹통…""내부 시스템 오류""",산업IT,2022.04.21,negative,0.9992509484291077
205,[망사용료법 한미 통상문제로 번지나]통신-CP 대결에 美 정부 가세로' 확전 일로',산업IT,2022.04.21,negative,0.8318807482719421
206,"[단독] 의료데이터 규제 수혜 볼까…카카오, 휴먼스케이프 인수",증권IB&Deal,2022.04.20,positive,0.9513023495674133
207,"[단독] 망사용료法에 처음 목소리 낸 유튜브… ""창작자 악영향 우려""",산업IT,2022.04.20,negative,0.9897140860557556
208,"[단독] 의료데이터 규제 수혜 볼까…카카오, 휴먼스케이프 인수",증권IB&Deal,2022.04.20,positive,0.9513023495674133
209,[오후시황] 외인·기관 쌍끌이 매도에 2700선 위태로운 코스피,증권국내증시,2022.04.20,neutral,0.7810214161872864
210,"'장애인의 날' 카카오, 업계 첫 '디지털접근성 책임자' 선임",산업IT,2022.04.20,neutral,0.8312164545059204
211,"조직 개편한 카카오, 커머스 사업 키운다",경제·금융경제·금융일반,2022.04.19,neutral,0.9996243715286255
212,"[마감시황] 코스피, 기관 매수세에 1% 상승한 2718.89 마감…코스닥은 1.5%↑",증권국내증시,2022.04.19,neutral,0.9992328882217407
213,"[오후시황] 코스피, 외인·기관 '사자'에 2720선 돌파 시도 중",증권국내증시,2022.04.19,neutral,0.9953793287277222
214,"""사내헬스장 몇년만에 써보나"" 반색…부서마다 회식날짜 맞추느라 분주",산업기업,2022.04.18,neutral,0.9998829364776611
215,[마감시황] 美 긴축 우려 여파 지속…코스피 2690선 마감,증권국내증시,2022.04.18,neutral,0.9998514652252197
216,누적취업률 84% 명품 교육…‘삼성청년SW아카데미’ 열린다,산업,2022.04.18,neutral,0.9998862743377686
217,[오후시황] 외인·기관 '팔자'에 코스피 2700선 하회,증권국내증시,2022.04.18,neutral,0.8525280356407166
218,"웹젠 노조 ""5월 2일부터 파업… 김태영 대표 대화 촉구""",산업기업,2022.04.18,negative,0.9996324777603149
219,[오전시황] 美연준 긴축 여진…코스피 2690선 출발,증권국내증시,2022.04.18,neutral,0.9999102354049683
220,"카카오 소상공인 교육 프로그램, 세무·카톡마케팅 등으로 확대",산업IT,2022.04.18,neutral,0.9999077320098877
221,"[단독] “잡으면 잭팟” …TPG, 카카오모빌리티 구주 1000억 매각",산업IT,2022.04.17,positive,0.9959654808044434
222,"IT기업 올해도 연봉인상 '러시'…""더 올려 달라"" 불만은 여전",산업기업,2022.04.17,neutral,0.9998788833618164
223,동학개미 뒤통수 친 삼전·카카오…하반기 ‘늦은 봄바람’ 부나,증권국내증시,2022.04.16,neutral,0.9998917579650879
224,"[기업공시 4월 15일] 현대중공업, 컨테이너선 6척 수주 등",증권국내증시,2022.04.16,neutral,0.8067909479141235
225,장마감 후 공시[4월 15일],증권국내증시,2022.04.15,negative,0.8654422760009766
226,[마감시황] 외국인 8거래일 연속 '매도'…코스피 2600선으로,증권국내증시,2022.04.15,neutral,0.9998472929000854
227,[오후시황] 美국채금리 급등에 코스피 2690선 고전,증권국내증시,2022.04.15,neutral,0.9994733929634094
228,[오전시황] 美공격적 긴축 우려에 코스피 2690선 후퇴,증권국내증시,2022.04.15,neutral,0.9995130300521851
229,비운의 '타다'…이번엔 대형택시로 승부,산업기업,2022.04.14,neutral,0.9720040559768677
230,[오전시황] 高인플레이션·금리 인상 우려에 코스피 약세 전환,증권국내증시,2022.04.14,neutral,0.9978792667388916
231,"고대안암병원, 카카오헬스케어CIC와 손잡고 스마트병원 구축한다",사회사회일반,2022.04.13,positive,0.8515588045120239
232,[오전시황] 인플레 피크아웃·고착화 우려 혼재하며 코스피 소폭 상승,증권국내증시,2022.04.13,neutral,0.9994320273399353
233,[마감시황] 외인·기관 '팔자'에 코스피 2660선 '털썩',경제·금융경제·금융일반,2022.04.12,neutral,0.9995542168617249
234,"[오후시황] 코스피, 외국인·기관 ‘팔자’에 2660선 위협",경제·금융경제·금융일반,2022.04.12,neutral,0.9976206421852112
235,[오전시황] 美 지수 하락 영향에 코스피 하락 출발,경제·금융경제·금융일반,2022.04.12,neutral,0.999366819858551
236,[마감시황] 외인 4거래일 연속 '팔자'에 코스피 2690선 '털썩',증권국내증시,2022.04.11,neutral,0.9993472695350647
237,"카카오엔터 ""출판사 정산 투명하게""…상생안 발표",산업IT,2022.04.11,neutral,0.9996575117111206
238,[오후시황] 외인·기관 쌍끌이 매도에 짓눌린 코스피,증권국내증시,2022.04.11,neutral,0.9997617602348328
239,'억대 연봉' 카카오 채용연계형 인턴십 모집…개발자 000명,산업IT,2022.04.11,neutral,0.9996850490570068
240,속도 붙는 플라잉카 시대…국토부 '도심항공정책팀' 생긴다,경제·금융경제동향,2022.04.10,neutral,0.9994577765464783
241,"""임원만 몰빵""…꿈의 직장 IT업계 임금인상에 '평균의 함정'",산업기업,2022.04.10,neutral,0.9996504783630371
242,불어나는 인건비에 움츠러드는 네카오,증권국내증시,2022.04.08,negative,0.9880005717277527
243,[마감시황] 반발 매수세 속 외국인 매도…코스피 2700선 가까스로 방어,증권국내증시,2022.04.08,neutral,0.9998878240585327
244,[오후시황] 외국인·기관 ‘팔자’에 코스피 2690선 약보합세,증권국내증시,2022.04.08,neutral,0.9796154499053955
245,[오전시황] 외국인·기관 매도세에 코스피 2600선 회귀,증권국내증시,2022.04.08,neutral,0.9996135830879211
246,"카카오 VX, 스크린골프 NFT 회원권 발행",산업기업,2022.04.07,neutral,0.9998893737792969
247,카카오T 연내 120개국 진출…우티 '긴장',산업기업,2022.04.07,positive,0.9989845156669617
248,"[마감시황] 코스피, 외인·기관 1.1兆 매도세에 밀려 2730선 마감",증권국내증시,2022.04.06,negative,0.9487055540084839
249,"카카오 ""계열사 30곳 정리""…'골목대장' 오명 벗나",산업기업,2022.04.06,neutral,0.9986518025398254
250,"[오후시황] 코스피, 외인·기관 매도세에 2730선…코스닥은 1%↓",증권국내증시,2022.04.06,neutral,0.9873607158660889
251,앱마켓 '수수료 공짜' 시대 열리나…구글·애플에 직접 칼겨눈 방통위,산업기업,2022.04.06,neutral,0.9994503855705261
252,"[마감시황] 코스피, 2760선 코앞 상승 마감",경제·금융경제·금융일반,2022.04.05,neutral,0.9999104738235474
253,"[오후시황] 코스피, 개인 '사자'에 2750선 웃돌아",경제·금융경제·금융일반,2022.04.05,neutral,0.9998922348022461
254,"멜론, MZ세대 취향저격한 멤버십 서비스 선봬",산업기업,2022.04.05,neutral,0.998706579208374
255,[오전시황] 기관·외국인 매도세에 코스피 2750선 약보합,경제·금융경제·금융일반,2022.04.05,neutral,0.9997535347938538
256,"카카오, 日 코인 거래소 품었다… '비욘드 코리아' 속도",산업기업,2022.04.04,neutral,0.9998947381973267
257,"[마감시황] 코스피, 외국인·기관 ‘사자’에 2750선 돌파",경제·금융경제·금융일반,2022.04.04,positive,0.9427841901779175
258,"[오후시황] 코스피, 개인 순매수에 2750선 진입 시도",경제·금융경제·금융일반,2022.04.04,neutral,0.9998750686645508
259,"카카오·서울시, 도봉구에 국내 최초 음악 전문 아레나 공연장 만든다",산업기업,2022.04.04,neutral,0.9289807677268982
260,"카카오모빌리티, 택시 배차 알고리즘 공개… ""승객·기사 모두 윈윈""",산업기업,2022.04.04,positive,0.999184787273407
261,[오전시황] 코스피 2740선 약보합…개미들 1689억원 순매수,경제·금융경제·금융일반,2022.04.04,neutral,0.999617338180542
262,금융주 산 외인 웃고…'삼전 개미' 울었다,증권국내증시,2022.04.03,neutral,0.9764084219932556
